"0","# M√©dias"
"0","conflicts_prefer(dplyr::filter)"
"2","[38;5;253m[90m[conflicted][38;5;253m Removing existing preference.[39m"
"2","[38;5;253m[90m[conflicted][38;5;253m Will prefer [1m[34mdplyr[38;5;253m[22m::filter over any other package.[39m"
"0","medias <- dados |> "
"0","  group_by(trat, dose, aval, isolado) |> "
"0","  summarize(media_diam = mean(diam, na.rm = TRUE), .groups = 'drop') |> "
"0","  ungroup()"
"0",""
"0",""
"0","# Fun√ß√£o de gr√°ficos para cada tratamento"
"0","plot_graf <- function(data, tratam) {"
"0","  ggplot(data, aes(x = dose, y = media_diam, color = factor(aval), group = aval)) +"
"0","    geom_point()+"
"0","    geom_line()+"
"0","    facet_wrap(~isolado)+"
"0","    labs(title = paste(""Tratamento:"", tratam),"
"0","         x = ""Concentra√ß√£o"","
"0","         y = ""Di√¢metro Micelial M√©dio (mm)"","
"0","         color = ""Avalia√ß√£o"")+"
"0","    scale_color_jco()+"
"0","    theme_minimal()+"
"0","    theme(legend.position = ""bottom"" )"
"0","}"
"0",""
"0","# Fun√ß√£o para filtrar e plotar os gr√°ficos para cada tratamento"
"0","for (tratam in unique(medias$trat)) {"
"0","  data <- medias |>"
"0","    filter(trat == tratam)"
"0","  print(plot_graf(data, tratam))"
"0","  dev.flush()"
"0","}"
